Algorithm,Avg Cost,Fill Rate,Stockout Rate,Avg Inventory,Total Reward
PPO,265.8919642695897,0.8796187076198653,0.20493150684931508,67.25712101021756,-97050.56695840028
SAC,286.87275550358913,0.8821850142819759,0.2257534246575342,65.34700802371925,-104708.55575881006
Double DQN,306.54054794520545,0.8996910315751553,0.156986301369863,98.1158904109589,-111887.30000000002
Dyna-Q,331.35917808219176,0.8384379492261719,0.2219178082191781,111.22493150684932,-120946.1
Q-Learning,509.6854794520547,0.22249215537860678,0.941095890410959,1.3813698630136986,-186035.2
