Algorithm,Avg Cost,Fill Rate,Stockout Rate,Avg Inventory,Total Reward
PPO,282.4368543323875,0.8795061765716709,0.19095890410958904,89.63081416077401,-103089.45183132139
SAC,286.8727483646837,0.8821849935524015,0.2257534246575342,65.34698797212889,-104708.55315310958
Double DQN,306.54054794520545,0.8996910315751553,0.156986301369863,98.1158904109589,-111887.30000000002
Dyna-Q,331.35917808219176,0.8384379492261719,0.2219178082191781,111.22493150684932,-120946.1
Q-Learning,509.6854794520547,0.22249215537860678,0.941095890410959,1.3813698630136986,-186035.2
